City_ID,City,Lat,Lng,Max Temp,Humidity,Cloudiness,Wind Speed,Country,Date
0,carutapera,-1.195,-46.02,26.07,80,11,3.93,BR,1723170346
1,kapa'a,22.0752,-159.319,29.18,66,0,5.66,US,1723170929
2,papao,-17.75,-149.55,24.08,90,72,6.16,PF,1723170930
3,chonchi,-42.6128,-73.8092,6.41,95,100,1.43,CL,1723170657
4,nantucket,41.2835,-70.0995,17.06,100,100,4.63,US,1723170932
5,punta arenas,-53.15,-70.9167,6.06,87,100,8.23,CL,1723170779
6,ushuaia,-54.8,-68.3,4.81,87,75,9.77,AR,1723170929
7,campo mourao,-24.0456,-52.3831,13.73,93,100,4.75,BR,1723170943
8,grytviken,-54.2811,-36.5092,-15.39,76,15,6.24,GS,1723170394
9,general pico,-35.6566,-63.7568,1.78,68,0,2.18,AR,1723170945
10,edinburgh of the seven seas,-37.0676,-12.3116,14.45,90,100,17.28,SH,1723170402
11,keflavik,64.0049,-22.5624,9.24,87,100,2.57,IS,1723170455
12,fort bragg,35.139,-79.006,23.85,91,100,6.17,US,1723170457
13,port-aux-francais,-49.35,70.2167,2.39,71,60,7.68,TF,1723170409
14,waitangi,-43.9535,-176.5597,12.12,81,100,3.13,NZ,1723170397
15,kiomboi,-4.2667,34.3667,14.93,60,10,2.02,TZ,1723170954
16,turtas,58.9417,69.1325,11.43,76,100,2.58,RU,1723170734
17,codrington,-38.2667,141.9667,15.02,64,100,4.22,AU,1723170956
18,dalnegorsk,44.5604,135.5701,29.76,47,30,1.47,RU,1723170957
19,ancud,-41.8697,-73.8203,7.73,87,100,2.91,CL,1723170958
20,saint-joseph,-21.3667,55.6167,20.0,74,24,4.79,RE,1723170822
21,walvis bay,-22.9575,14.5053,11.29,61,0,2.91,NA,1723170751
22,ilulissat,69.2167,-51.1,6.01,93,100,0.0,GL,1723170391
23,clarence town,-32.5833,151.7833,18.78,56,99,1.93,AU,1723170963
24,longyearbyen,78.2186,15.6401,10.91,93,0,4.12,SJ,1723170521
25,machico,32.7,-16.7667,23.35,64,40,4.12,PT,1723170965
26,mojoagung,-7.5667,112.35,31.95,50,0,2.03,ID,1723170966
27,bredasdorp,-34.5322,20.0403,10.36,77,42,10.54,ZA,1723170967
28,nar'yan-mar,67.6713,53.087,10.51,65,16,2.01,RU,1723170968
29,jamestown,42.097,-79.2353,21.8,100,100,4.63,US,1723170416
30,west island,-12.1568,96.8225,26.99,78,20,7.72,CC,1723170636
31,invercargill,-46.4,168.35,8.9,77,1,2.68,NZ,1723170392
32,twin falls,42.3505,-114.6445,27.19,30,0,2.57,US,1723170973
33,petropavlovsk-kamchatsky,53.0452,158.6483,14.33,100,100,3.0,RU,1723170974
34,yarmouth,41.7057,-70.2286,19.03,95,100,3.6,US,1723170745
35,maamba,-17.3667,27.15,16.64,35,0,0.93,ZM,1723170976
36,iskateley,67.6803,53.1512,8.66,72,17,1.92,RU,1723170446
37,adamstown,-25.066,-130.1015,22.22,82,96,13.47,PN,1723170429
38,jurbarkas,55.0778,22.7664,16.85,91,100,1.77,LT,1723170983
39,st. john's,47.5649,-52.7093,17.1,78,40,5.66,CA,1723170423
40,pacific grove,36.6177,-121.9166,15.23,94,75,4.12,US,1723170985
41,conde,-7.2597,-34.9075,22.7,100,20,1.54,BR,1723170986
42,isafjordur,66.0755,-23.124,5.56,93,100,2.84,IS,1723170527
43,albany,42.6001,-73.9662,18.48,75,100,1.34,US,1723170393
44,fort st. john,56.2499,-120.8529,22.94,40,20,6.69,CA,1723170398
45,kodiak,57.79,-152.4072,12.73,82,100,1.54,US,1723170992
46,labuan,5.2767,115.2417,30.2,79,20,1.03,MY,1723170993
47,cidreira,-30.1811,-50.2056,11.39,92,63,5.33,BR,1723170893
48,taulaga,-11.0553,-171.0883,27.25,79,52,8.68,AS,1723170733
49,vilyuchinsk,52.9306,158.4028,13.51,98,100,1.33,RU,1723170996
50,lebu,-37.6167,-73.65,6.94,85,95,3.94,CL,1723170860
51,fale old settlement,-9.3852,-171.2468,27.93,76,94,7.75,TK,1723170998
52,atafu village,-8.5421,-172.5159,28.88,71,61,8.5,TK,1723170644
53,yellowknife,62.456,-114.3525,23.56,51,20,5.14,CA,1723170448
54,port-vila,-17.7338,168.3219,24.78,69,75,6.69,VU,1723171002
55,puerto ayora,-0.7393,-90.3518,19.75,91,49,1.79,EC,1723170529
56,ivdel',60.6911,60.4206,13.64,66,46,1.4,RU,1723171005
57,puerto carreno,6.189,-67.4859,23.59,98,100,3.43,CO,1723171006
58,afaahiti,-17.75,-149.2833,23.71,88,66,6.67,PF,1723170619
59,puerto natales,-51.7236,-72.4875,6.19,83,99,6.41,CL,1723170481
60,jwaneng,-24.6004,24.7303,12.66,24,0,3.58,BW,1723171009
61,saint-paul,-21.0096,55.2707,21.19,75,40,0.25,RE,1723171011
62,zuidhorn,53.2467,6.4028,17.99,90,100,4.12,NL,1723171012
63,yukhnov,54.7444,35.2297,12.6,96,2,1.98,RU,1723171013
64,dubbo,-32.25,148.6167,17.07,63,100,4.63,AU,1723171014
65,wailua homesteads,22.0669,-159.378,28.44,68,0,5.66,US,1723171016
66,mossendjo,-2.9506,12.7261,17.54,98,99,0.72,CG,1723171017
67,micheweni,-4.9667,39.8333,23.36,80,14,3.18,TZ,1723171018
68,wisconsin rapids,44.3836,-89.8174,15.96,63,0,2.57,US,1723170725
69,kandyagash,49.4744,57.4233,18.56,77,0,5.19,KZ,1723171021
70,bilibino,68.0546,166.4372,14.58,40,18,1.12,RU,1723170459
71,coronel suarez,-37.4547,-61.9334,0.02,83,2,2.19,AR,1723171023
72,broome,42.2506,-75.833,19.68,81,100,3.6,US,1723171024
73,udachny,66.4167,112.4,11.62,75,99,4.78,RU,1723171025
74,jiehu,35.5428,118.455,30.13,75,100,2.69,CN,1723171027
75,thompson,55.7435,-97.8558,16.09,63,75,1.54,CA,1723170484
76,bubaque,11.2833,-15.8333,26.24,84,100,6.04,GW,1723171029
77,cidade velha,14.9167,-23.6167,26.26,78,20,3.09,CV,1723171030
78,utrik,11.2278,169.8474,28.43,79,90,7.49,MH,1723171031
79,yuzhno-kurilsk,44.0306,145.8556,22.5,82,100,2.83,RU,1723171033
80,cabedelo,-6.9811,-34.8339,23.6,83,4,4.99,BR,1723171035
81,maragogi,-9.0122,-35.2225,23.55,77,100,2.7,BR,1723171036
82,whitehorse,60.7161,-135.0538,28.43,28,20,6.17,CA,1723170599
83,kijang,35.2442,129.2139,27.4,76,0,3.79,KR,1723171038
84,blackmans bay,-43.0167,147.3167,14.85,54,76,1.34,AU,1723171039
85,san jose del guaviare,2.5729,-72.6459,23.85,87,31,0.37,CO,1723171040
86,north bend,43.4065,-124.2243,15.95,88,100,4.12,US,1723171041
87,poronaysk,49.2167,143.1167,15.19,95,100,3.47,RU,1723171042
88,uturoa,-16.7333,-151.4333,25.44,84,15,6.02,PF,1723170592
89,embi,48.8264,58.1442,19.85,75,1,5.25,KZ,1723171045
90,worms,49.6356,8.3597,16.06,84,79,1.51,DE,1723171046
91,dunda,-8.1167,34.25,12.82,63,41,1.11,TZ,1723171047
92,hermanus,-34.4187,19.2345,12.03,75,23,12.32,ZA,1723171048
93,ola,59.5833,151.2833,15.06,79,65,3.01,RU,1723171049
94,ginir,7.1333,40.7,14.48,89,80,2.83,ET,1723171051
95,suez,29.9737,32.5263,25.28,70,0,3.17,EG,1723171052
96,huarmey,-10.0681,-78.1522,17.02,84,96,4.02,PE,1723170535
97,mount gambier,-37.8333,140.7667,14.32,71,100,3.17,AU,1723171054
98,tazovsky,67.4667,78.7,9.47,68,12,6.59,RU,1723170687
99,okrika,4.7416,7.0849,23.43,92,100,2.1,NG,1723171056
100,arteche,12.2645,125.4048,32.54,59,97,2.38,PH,1723171057
101,papatowai,-46.5619,169.4708,9.83,65,1,4.04,NZ,1723171059
102,geraldton,-28.7667,114.6,16.23,88,0,3.6,AU,1723171060
103,hawaiian paradise park,19.5933,-154.9731,27.73,74,40,5.14,US,1723170831
104,haiku-pauwela,20.9219,-156.3051,27.87,72,20,10.8,US,1723171062
105,charters towers,-20.1,146.2667,25.41,32,0,4.74,AU,1723170972
106,hammerfest,70.6634,23.6821,20.25,56,11,5.66,NO,1723170578
107,sao jose do belmonte,-7.8614,-38.7597,19.46,87,4,3.51,BR,1723171066
108,mount pearl,47.5166,-52.7813,16.64,81,40,5.66,CA,1723170808
109,kerikeri,-35.2268,173.9474,13.73,62,88,2.99,NZ,1723171018
110,lincoln,40.8,-96.667,19.04,61,30,0.45,US,1723170535
111,tralee,52.2704,-9.7026,13.53,93,73,3.73,IE,1723171072
112,port elizabeth,-33.918,25.5701,15.17,58,0,5.14,ZA,1723171022
113,motygino,58.1831,94.7592,17.72,90,100,1.2,RU,1723171074
114,khorixas,-20.3667,14.9667,15.13,32,0,2.82,NA,1723171075
115,katsuura,35.1333,140.3,28.81,79,8,7.25,JP,1723170823
116,avarua,-21.2078,-159.775,22.03,56,75,3.09,CK,1723171078
117,biryusinsk,55.9634,97.8235,20.66,74,82,2.37,RU,1723171079
118,port lincoln,-34.7333,135.8667,15.6,60,94,2.51,AU,1723170782
119,piatykhatky,48.4133,33.7106,17.47,61,96,2.81,UA,1723171081
120,pymble,-33.75,151.15,20.09,62,100,1.79,AU,1723171082
121,saint-francois,46.4154,3.9054,13.69,100,0,1.03,FR,1723171083
122,ziway,7.9333,38.7167,17.45,86,55,2.35,ET,1723171085
123,bardai,11.65,7.2333,21.1,92,100,4.01,NG,1723171051
124,malpils,57.0111,24.9631,13.83,98,100,1.8,LV,1723171088
125,kavaratti,10.5669,72.642,27.01,83,99,4.13,IN,1723170494
126,stanley,54.868,-1.6985,16.01,89,40,5.66,GB,1723170606
127,fisterra,42.9049,-9.2629,18.91,90,9,6.96,ES,1723171061
128,dock junction,31.2025,-81.5168,29.0,81,40,3.09,US,1723171092
129,alofi,-19.0595,-169.9187,23.94,57,40,7.2,NU,1723171094
130,luderitz,-26.6481,15.1594,12.79,70,0,2.8,NA,1723171095
131,polyarnyy,69.1989,33.4478,12.16,62,7,5.28,RU,1723171096
132,lata,40.1629,-8.3327,13.94,94,7,0.22,PT,1723171097
133,qaqortoq,60.7167,-46.0333,5.8,95,100,1.35,GL,1723170758
134,prince rupert,54.3161,-130.3201,16.05,94,0,6.17,CA,1723171099
135,kirensk,57.7853,108.1119,24.13,48,13,2.49,RU,1723171100
136,barclayville,4.6797,-8.2339,23.18,84,100,2.99,LR,1723171102
137,saipan,15.1355,145.701,32.39,66,40,4.12,MP,1723171103
138,vernon,50.2581,-119.2691,28.74,32,24,1.54,CA,1723171041
139,drouin,-38.1333,145.85,15.46,52,49,2.94,AU,1723171105
140,berdigestyakh,62.0989,126.6992,24.06,36,21,2.31,RU,1723171106
141,constantia,44.1833,28.65,20.55,75,0,1.65,RO,1723171107
142,margaret river,-33.95,115.0667,18.31,63,43,6.31,AU,1723171108
143,lihue,21.9789,-159.3672,28.77,66,0,5.66,US,1723171110
144,xilin hot,43.9667,116.0333,26.31,45,100,6.11,CN,1723170546
145,yacuiba,-22.038,-63.6797,7.24,48,0,2.01,BO,1723171112
146,tiksi,71.6872,128.8694,5.23,91,100,5.69,RU,1723171113
147,alchevs'k,48.4689,38.8167,17.26,66,38,2.56,UA,1723171114
148,mahibadhoo,3.7833,72.9667,27.89,76,100,3.87,MV,1723171115
149,baglung,28.2719,83.5898,22.64,94,93,0.93,NP,1723171116
150,iqaluit,63.7506,-68.5145,9.85,87,100,2.57,CA,1723171117
151,badger,64.8,-147.5333,18.95,80,75,3.6,US,1723171119
152,kati,12.7441,-8.0726,23.02,94,100,1.33,ML,1723171120
153,el obeid,13.1842,30.2167,24.2,81,100,3.83,SD,1723171122
154,vallenar,-28.5708,-70.7581,15.55,41,0,0.98,CL,1723171124
155,sal rei,16.1833,-22.9167,25.12,78,84,1.96,CV,1723171125
156,dzilam gonzalez,21.2833,-88.9333,25.42,89,51,1.51,MX,1723171126
157,moscow,55.7522,37.6156,17.59,78,100,2.61,RU,1723170531
158,lala,7.9745,123.7458,32.31,56,97,2.28,PH,1723171128
159,holualoa,19.6228,-155.9522,27.91,73,40,4.63,US,1723170740
160,port saint john's,-31.6229,29.5448,17.14,52,0,2.34,ZA,1723171131
161,macapa,0.0389,-51.0664,27.99,83,40,3.6,BR,1723170946
162,oliver,49.1831,-119.5524,30.95,33,79,1.03,CA,1723171133
163,nova sintra,14.8667,-24.7167,26.03,81,10,3.73,CV,1723171037
164,tolanaro,-25.0319,46.9987,20.04,83,20,9.77,MG,1723170894
165,hasaki,35.7333,140.8333,28.97,78,2,6.88,JP,1723171137
166,ust-nera,64.5667,143.2,18.45,55,58,2.94,RU,1723171138
167,cartagena del chaira,1.3349,-74.8429,23.14,90,73,1.19,CO,1723171140
168,portland,45.5234,-122.6762,32.57,42,5,1.79,US,1723170920
169,hithadhoo,-0.6,73.0833,28.21,71,100,3.23,MV,1723170995
170,zaozersk,69.4005,32.4476,13.03,58,12,3.25,RU,1723171144
171,nha trang,12.25,109.1833,32.33,54,87,1.13,VN,1723170537
172,kayangel,8.0823,134.7173,28.45,74,99,3.43,PW,1723171146
173,coquimbo,-29.9533,-71.3436,12.21,63,0,2.57,CL,1723171069
174,tarauaca,-8.1614,-70.7656,25.06,67,29,0.66,BR,1723171148
175,ontario,34.0633,-117.6509,28.85,41,0,5.81,US,1723171149
176,usogorsk,63.4106,48.6872,14.31,64,7,1.6,RU,1723171150
177,ndele,8.4109,20.6473,20.18,95,100,0.75,CF,1723171152
178,vila franca do campo,37.7167,-25.4333,18.27,99,0,2.01,PT,1723170673
179,sao vicente,-23.9631,-46.3919,20.59,83,92,2.59,BR,1723171116
180,minas de marcona,-15.2119,-75.1103,9.95,91,74,5.51,PE,1723171156
181,ryotsu-minato,38.0833,138.4333,27.56,70,24,3.17,JP,1723171036
182,outjo,-20.1167,16.15,14.03,28,0,2.47,NA,1723171158
183,manuguru,17.981,80.7547,27.1,85,81,2.15,IN,1723171159
184,magadan,59.5667,150.8,14.13,87,72,3.29,RU,1723171161
185,port mathurin,-19.6833,63.4167,22.43,73,51,9.66,MU,1723171162
186,hotan,37.0997,79.9269,29.09,22,0,4.98,CN,1723171163
187,bethel,41.3712,-73.414,19.45,91,100,3.6,US,1723171164
188,nova xavantina,-14.6667,-52.35,22.17,38,3,0.73,BR,1723170703
189,pisco,-13.7,-76.2167,16.03,82,100,4.12,PE,1723171166
190,bogatoye,53.0601,51.3325,18.33,79,100,1.17,RU,1723171167
191,roma,43.2128,-75.4557,18.08,96,100,2.57,US,1723171168
192,kapuskasing,49.4169,-82.4331,16.05,100,100,3.6,CA,1723171170
193,puerto aysen,-45.4,-72.7,5.05,100,100,1.92,CL,1723171171
194,lamu,-2.2717,40.902,23.74,77,48,5.65,KE,1723171172
195,mil'kovo,55.6078,37.7956,18.52,76,100,2.63,RU,1723171173
196,georgetown,5.4112,100.3354,31.96,70,20,1.54,MY,1723171175
197,batang,-6.4846,110.7083,30.79,53,0,1.93,ID,1723171177
198,narvik,68.4384,17.4272,17.92,72,92,2.74,NO,1723171178
199,rocky mountain house,52.3668,-114.9188,19.06,52,0,2.06,CA,1723171180
200,elko,41.0002,-115.5012,28.13,16,5,3.13,US,1723171181
201,bengbu,32.9408,117.3608,33.6,58,82,3.57,CN,1723171182
202,daru,-9.0763,143.2092,25.72,84,96,7.28,PG,1723171183
203,college,64.8569,-147.8028,17.97,74,100,2.57,US,1723171184
204,malango,-2.9627,119.9001,26.36,61,31,2.14,ID,1723170829
205,jinka,5.65,36.65,17.88,80,88,1.22,ET,1723171187
206,acarau,-2.8856,-40.12,25.19,82,0,7.74,BR,1723171188
207,porto novo,6.4965,2.6036,23.04,87,100,2.96,BJ,1723171189
208,mana,5.6592,-53.7767,24.98,92,76,4.03,GF,1723171001
209,trairi,-3.2778,-39.2689,24.96,80,4,5.32,BR,1723171167
210,la ronge,55.1001,-105.2842,20.12,42,75,2.06,CA,1723171192
211,san julian,21.0167,-102.1667,16.71,69,53,1.98,MX,1723171193
212,vorgashor,67.5833,63.95,12.1,63,8,2.06,RU,1723171194
213,enewetak,11.3474,162.3373,29.21,73,42,6.46,MH,1723171196
214,malabar,-33.9667,151.25,19.87,62,0,2.57,AU,1723171197
215,punta gorda,26.9298,-82.0454,29.43,80,27,3.13,US,1723171198
216,dudinka,69.4058,86.1778,12.67,54,15,8.26,RU,1723171199
217,sisimiut,66.9395,-53.6735,4.83,92,94,1.64,GL,1723171200
218,touros,-5.1989,-35.4608,22.93,90,6,4.68,BR,1723171202
219,beidao,34.5686,105.8933,23.86,65,100,1.94,CN,1723171204
220,myeik,12.4333,98.6,28.99,74,53,1.92,MM,1723171205
221,susuman,62.7833,148.1667,17.24,43,3,1.1,RU,1723171206
222,ubari,26.5921,12.7805,30.92,17,29,1.76,LY,1723171207
223,al kut,32.5147,45.819,35.97,13,0,8.34,IQ,1723171209
224,castillos,-34.1667,-53.8333,6.31,82,100,3.49,UY,1723171211
225,abagur,53.7308,87.2526,18.05,96,100,2.63,RU,1723171212
226,rumoi,43.9344,141.6428,24.32,92,100,0.54,JP,1723171213
227,howrah,22.5892,88.3103,29.0,89,75,5.66,IN,1723171214
228,hamilton,39.1834,-84.5333,25.99,77,100,1.34,US,1723171193
229,talcahuano,-36.7167,-73.1167,6.82,87,20,2.06,CL,1723171216
230,mejit,10.2753,170.8646,28.52,77,84,6.17,MH,1723171218
231,awjilah,29.1081,21.2869,27.56,44,0,2.51,LY,1723171219
232,weno,7.4515,151.8468,30.97,89,100,2.06,FM,1723171220
233,busayra,30.7376,35.6078,21.32,40,0,1.77,JO,1723171221
234,laojunmiao,39.8333,97.7333,18.01,45,76,12.35,CN,1723171222
235,khandyga,62.6667,135.6,22.04,47,15,1.14,RU,1723170701
236,ribeira grande,38.5167,-28.7,22.65,87,3,2.24,PT,1723171224
237,vadso,70.0744,29.7487,12.09,76,0,1.03,NO,1723171227
238,rongelap,11.1635,166.8941,28.57,76,66,6.78,MH,1723171071
239,dahab,28.501,34.5134,31.9,35,3,3.99,EG,1723171230
240,zhezqazghan,47.7833,67.7667,21.32,78,75,3.0,KZ,1723171231
241,quellon,-43.1167,-73.6167,7.2,92,100,5.34,CL,1723170721
242,xai-xai,-25.0519,33.6442,19.56,77,0,5.63,MZ,1723171234
243,glen innes,-29.7333,151.7333,16.65,39,5,0.53,AU,1723171235
244,protaras,35.0125,34.0583,25.55,94,0,0.45,CY,1723171236
245,brookings,44.3114,-96.7984,16.0,63,100,4.63,US,1723170547
246,yulinshi,38.2906,109.7494,22.4,68,100,7.72,CN,1723171238
247,bridgewater,44.3835,-64.5155,16.17,90,42,1.03,CA,1723171132
248,nemuro,43.3236,145.575,20.43,91,81,5.12,JP,1723171240
249,swedru,5.5371,-0.6998,22.01,92,95,2.14,GH,1723171242
250,ta`u,-14.2336,-169.5144,25.33,74,87,10.22,AS,1723171073
251,mermoz boabab,14.7065,-17.4758,27.42,84,79,4.85,SN,1723171244
252,aur,8.1499,171.1687,28.57,74,17,4.79,MH,1723171245
253,coyhaique,-45.5752,-72.0662,3.29,99,100,2.98,CL,1723171246
254,vertientes,21.2594,-78.1464,24.74,89,14,1.69,CU,1723171247
255,tura,25.5198,90.2201,25.12,93,100,2.48,IN,1723171248
256,onega,63.9061,38.1404,13.91,68,55,1.81,RU,1723171249
257,smithers,54.7804,-127.1743,30.18,23,75,0.0,CA,1723171251
258,pathein,16.7833,94.7333,29.52,73,68,2.4,MM,1723171252
259,kondopoga,62.2057,34.2614,16.07,76,100,0.38,RU,1723171253
260,serra,-20.1286,-40.3078,23.7,69,0,6.17,BR,1723171254
261,kimbe,-5.5502,150.1429,32.5,55,43,3.28,PG,1723170994
262,burang,30.25,81.1667,11.97,68,98,0.88,CN,1723170663
263,aasiaat,68.7098,-52.8699,3.2,92,83,2.58,GL,1723171258
264,anadyr,64.75,177.4833,9.28,70,75,4.0,RU,1723171260
265,islamkot,24.6997,70.177,28.76,78,99,6.53,PK,1723171261
266,cobija,-11.0267,-68.7692,24.6,70,48,0.58,BO,1723171262
267,kone,-21.0595,164.8658,23.81,58,54,1.25,NC,1723171263
268,talnakh,69.4865,88.3972,15.47,49,10,1.65,RU,1723171264
269,mancio lima,-7.6142,-72.8958,25.02,57,0,0.6,BR,1723171265
270,karatas,36.582,35.3701,27.68,76,0,2.51,TR,1723171266
271,kargil,34.5667,76.1,15.92,46,16,1.28,IN,1723171267
272,olonkinbyen,70.9221,-8.7187,5.49,98,100,3.87,SJ,1723171268
273,cortez,37.3489,-108.5859,23.42,38,0,3.6,US,1723171271
274,choibalsan,48.0667,114.5,24.57,54,100,4.06,MN,1723171272
275,sao tome,0.3365,6.7273,23.61,82,87,3.54,ST,1723171273
276,puerto baquerizo moreno,-0.9,-89.6,19.61,76,91,5.89,EC,1723170715
277,nizhnesortymskiy,62.4397,71.7603,11.49,66,100,5.06,RU,1723171275
278,lecheng,25.1238,113.3254,34.4,54,6,2.24,CN,1723171276
279,road town,18.4167,-64.6167,29.02,79,40,4.12,VG,1723171278
280,pekan,3.4836,103.3996,29.79,70,17,3.04,MY,1723171279
281,new plymouth,-39.0667,174.0833,11.29,100,64,1.01,NZ,1723171280
282,belyy yar,53.6039,91.3903,20.94,78,0,2.0,RU,1723171281
283,ingeniero guillermo n. juarez,-23.9,-61.85,10.64,49,0,3.22,AR,1723171282
284,yamada,39.4667,141.95,28.32,68,58,3.38,JP,1723171283
285,gulf shores,30.246,-87.7008,28.91,75,0,0.0,US,1723171284
286,port blair,11.6667,92.75,28.02,83,40,3.6,IN,1723171017
287,reggane,26.7158,0.1714,35.51,11,0,7.85,DZ,1723171166
288,cua,10.1589,-66.8858,21.79,96,0,1.41,VE,1723171288
289,shingu,33.7333,135.9833,31.9,60,0,3.11,JP,1723171154
290,andergrove,-21.0833,149.1833,19.76,78,19,7.32,AU,1723171290
291,kenora,49.8167,-94.4337,11.54,93,100,4.02,CA,1723171291
292,fernie,49.5,-115.0687,14.58,64,11,2.52,CA,1723171292
293,springfield,37.2153,-93.2982,23.11,84,0,2.24,US,1723170606
294,zuera,41.8677,-0.7898,23.68,60,1,0.61,ES,1723171294
295,salawagan,7.7053,125.115,29.8,70,100,1.2,PH,1723171296
296,lysekil,58.2743,11.4358,16.13,80,100,8.19,SE,1723171297
297,dunedin,-45.8742,170.5036,9.22,67,1,3.98,NZ,1723171298
298,carnarvon,-24.8667,113.6333,22.26,42,0,4.89,AU,1723171019
299,kupang,-10.1667,123.5833,33.32,38,20,11.32,ID,1723170748
300,tsiombe,-25.3,45.4833,17.75,73,0,2.45,MG,1723171301
301,saudarkrokur,65.7461,-19.6394,6.36,95,100,0.83,IS,1723171302
302,la puebla de montalban,39.863,-4.3592,25.66,25,0,1.71,ES,1723171305
303,mucumpiz,8.4167,-71.1333,14.85,94,79,1.29,VE,1723171306
304,la passe,45.5549,-0.8967,16.99,85,39,2.56,FR,1723171308
305,san andres,12.5847,-81.7006,28.01,83,20,3.09,CO,1723171309
306,hadibu,12.65,54.0333,25.07,80,63,8.17,YE,1723171311
307,robore,-18.3333,-59.75,11.67,90,100,2.9,BO,1723171312
308,bhamo,24.2667,97.2333,24.45,100,100,0.11,MM,1723171313
309,tangalle,6.024,80.7911,29.13,67,62,5.59,LK,1723171315
310,valparaiso,-33.0393,-71.6273,12.8,50,0,1.03,CL,1723171316
311,chakia,26.4167,85.05,29.95,72,76,5.63,IN,1723171317
312,severo-yeniseyskiy,60.3725,93.0408,19.24,61,40,0.41,RU,1723171046
313,namibe,-15.1961,12.1522,16.01,90,8,2.44,AO,1723170830
314,turmalina,-17.2856,-42.73,15.91,80,7,0.4,BR,1723171320
315,shahr-e babak,30.1165,55.1186,26.42,42,0,3.86,IR,1723171322
316,benguela,-12.5763,13.4055,19.12,91,2,1.12,AO,1723170804
317,cadale,2.7603,46.3222,24.3,84,74,7.5,SO,1723171324
318,porto murtinho,-21.6989,-57.8825,17.3,37,100,3.51,BR,1723171325
319,akrehamn,59.2667,5.1833,14.14,94,75,7.2,NO,1723171326
320,itaituba,-4.2761,-55.9836,23.9,47,0,0.17,BR,1723171327
321,sinabang,2.4803,96.3801,26.7,85,94,2.96,ID,1723171328
322,bariadi,-2.8,33.9833,19.23,62,12,2.78,TZ,1723171329
323,goundam,16.4145,-3.6708,28.46,67,100,5.96,ML,1723171331
324,marshfield,44.6689,-90.1718,14.97,72,40,3.09,US,1723171332
325,porus,18.0354,-77.4117,24.71,98,100,0.22,JM,1723171333
326,morgan hill,37.1305,-121.6544,24.84,47,0,2.57,US,1723171334
327,summerside,46.3959,-63.7876,19.07,72,99,4.12,CA,1723171335
328,al bawiti,28.3492,28.8659,26.73,43,0,3.0,EG,1723171336
329,suixi,33.8907,116.7747,31.83,71,100,3.62,CN,1723171337
330,northam,51.0333,-4.2167,15.34,97,99,7.89,GB,1723171338
331,port alfred,-33.5906,26.891,18.08,40,0,11.07,ZA,1723171340
332,la romana,18.4273,-68.9728,26.2,89,20,5.14,DO,1723171341
333,kundiawa,-6.0167,144.9667,21.19,86,66,1.48,PG,1723171342
334,taroa,8.7058,171.2275,28.52,73,8,4.24,MH,1723171343
335,new norfolk,-42.7826,147.0587,13.78,48,85,2.18,AU,1723171344
336,freetown,8.484,-13.2299,24.46,90,100,3.39,SL,1723171063
337,nishinoomote,30.7333,131.0,32.31,74,75,3.6,JP,1723171346
338,kharp,66.8014,65.8081,12.33,66,2,1.36,RU,1723171347
339,kruisfontein,-34.0033,24.7314,16.02,43,5,9.58,ZA,1723171348
340,polovinnoye,54.7914,65.9864,12.44,73,71,6.27,RU,1723171350
341,lompoc,34.6391,-120.4579,15.29,91,75,4.63,US,1723170811
342,boali,4.8005,18.1275,21.29,95,100,1.16,CF,1723171352
343,georgiyevka,43.0369,74.7114,26.02,38,0,4.0,KZ,1723171353
344,tibanbang,6.6315,126.1055,28.63,72,93,1.93,PH,1723171354
345,novaya mayna,54.15,49.75,18.91,74,100,1.6,RU,1723171355
346,hinton,53.4001,-117.5857,17.25,62,3,3.82,CA,1723171356
347,conceicao do araguaia,-8.2578,-49.2647,22.59,34,0,1.0,BR,1723171357
348,laguna,38.421,-121.4238,31.1,37,0,4.12,US,1723171359
349,ben mehidi,36.7697,7.9064,22.99,83,0,0.0,DZ,1723171360
350,uray,60.1247,64.7758,12.66,64,0,2.07,RU,1723171361
351,livadeia,38.435,22.8739,20.52,72,0,1.7,GR,1723171362
352,at taj,24.2049,23.2857,30.24,20,73,4.24,LY,1723171363
353,sitka,57.0531,-135.33,17.94,82,20,0.0,US,1723170813
354,cabo san lucas,22.8909,-109.9124,31.17,58,0,9.26,MX,1723171114
355,klyuchi,52.2667,79.1667,21.17,74,100,2.59,RU,1723171366
356,yerofey pavlovich,53.9667,121.9667,19.34,78,100,0.77,RU,1723171368
357,prado,-17.3411,-39.2208,21.8,76,0,3.83,BR,1723171369
358,son la,21.3167,103.9,29.1,60,49,1.28,VN,1723171370
359,jarwal,27.1667,81.55,29.32,78,83,5.45,IN,1723171371
360,porbandar,21.6422,69.6093,28.2,80,100,6.94,IN,1723171213
361,trancas,-26.2314,-65.2803,5.57,47,68,0.99,AR,1723171373
362,bodo,67.28,14.405,15.02,93,75,10.8,NO,1723171374
363,cold lake,54.4502,-110.2017,19.97,42,20,1.03,CA,1723171375
364,masaka,-0.3338,31.7341,17.81,79,12,1.3,UG,1723171377
365,cide,41.8921,33.0044,21.51,82,0,1.84,TR,1723171378
366,santa ana de yacuma,-13.75,-65.4333,19.89,89,86,6.06,BO,1723171379
367,tagiura,32.8817,13.3506,25.97,83,1,2.0,LY,1723171380
368,tucuma,-0.1833,-50.05,25.9,83,4,3.49,BR,1723171382
369,ponta delgada,37.7333,-25.6667,22.4,78,20,3.6,PT,1723171383
370,labytnangi,66.6572,66.4183,12.09,66,4,4.44,RU,1723171386
371,igrim,63.1906,64.4162,13.36,64,75,1.6,RU,1723171387
372,katiola,8.1333,-5.1,21.86,92,100,2.52,CI,1723171389
373,cascais,38.6979,-9.4215,18.92,96,0,4.02,PT,1723171390
374,vilyuysk,63.7553,121.6247,25.12,37,2,1.03,RU,1723171392
375,faya-largeau,17.9257,19.1043,25.16,84,100,1.91,TD,1723171393
376,igarka,67.4667,86.5833,13.88,62,100,5.48,RU,1723171394
377,flying fish cove,-10.4217,105.6791,26.82,83,75,6.69,CX,1723171395
378,arraial do cabo,-22.9661,-42.0278,22.44,83,0,6.35,BR,1723171396
379,tynda,55.1667,124.7167,21.15,65,91,1.08,RU,1723171397
380,kargasok,59.0556,80.8572,10.55,97,100,2.64,RU,1723171398
381,general roca,-39.0333,-67.5833,6.64,48,38,4.25,AR,1723171266
382,kyren,51.6828,102.1408,23.4,53,1,0.73,RU,1723171400
383,champerico,14.3,-91.9167,26.97,81,99,3.23,GT,1723171402
384,ghadamis,30.1337,9.5007,26.64,39,0,3.59,LY,1723171403
385,city of balikpapan,-1.242,116.8942,25.97,89,40,1.54,ID,1723171404
386,novodvinsk,64.4165,40.8122,13.2,66,2,1.21,RU,1723171405
387,tucurui,-3.7661,-49.6725,27.16,40,100,0.86,BR,1723171406
388,sungailiat,-1.85,106.1333,29.91,64,100,6.24,ID,1723171407
389,happy valley-goose bay,53.3168,-60.3315,13.17,82,20,2.06,CA,1723171409
390,inverell,-29.7833,151.1167,21.48,42,1,0.89,AU,1723171410
391,uruacu,-14.5247,-49.1408,22.36,34,45,2.02,BR,1723171412
392,autazes,-3.5797,-59.1306,24.72,51,16,0.38,BR,1723171413
393,damboa,11.156,12.7576,22.23,96,100,3.58,NG,1723171414
394,vesoul,47.5833,5.8333,15.38,86,29,0.68,FR,1723171415
395,okotoks,50.7289,-113.9828,16.63,67,56,3.01,CA,1723170735
396,chibougamau,49.9168,-74.3659,16.79,72,100,3.09,CA,1723171417
397,crane,31.3974,-102.3501,35.78,22,58,6.06,US,1723171418
398,qarazhal,48.0078,70.7903,25.39,45,100,2.77,KZ,1723171420
399,margate,51.3813,1.3862,19.27,83,100,0.89,GB,1723171172
400,biloela,-24.4167,150.5,23.93,39,8,3.22,AU,1723171422
401,guiuan,11.0333,125.7247,28.69,78,99,3.75,PH,1723171423
402,jijiga,9.35,42.8,17.57,83,90,5.71,ET,1723171424
403,katabu,-4.9333,122.5167,30.94,39,38,5.14,ID,1723170867
404,selkirk,50.1436,-96.8845,13.99,73,51,1.34,CA,1723171426
405,dawei,14.0833,98.2,29.21,73,50,1.28,MM,1723171427
406,swakopmund,-22.6833,14.5333,11.78,66,0,2.58,NA,1723171428
407,mafinga,-7.25,35.0667,15.26,53,100,1.43,TZ,1723171430
408,ghat,24.9647,10.1728,30.4,14,18,1.88,LY,1723171431
409,aflou,34.1128,2.1023,24.65,32,1,0.99,DZ,1723171432
410,taoudenni,22.6783,-3.9836,37.42,24,89,2.69,ML,1723171433
411,cockburn town,21.4612,-71.1419,28.1,85,100,8.11,TC,1723171285
412,nuku'alofa,-21.1333,-175.2,24.19,60,75,5.14,TO,1723171435
413,kingston,17.997,-76.7936,29.53,74,20,4.12,JM,1723170650
414,dhidhdhoo,6.8833,73.1,28.14,75,100,4.26,MV,1723171437
415,aykol,38.1751,77.2132,29.14,22,0,2.54,CN,1723171439
416,komyshuvakha,47.7176,35.5288,19.52,51,26,2.81,UA,1723171440
417,labrador city,52.9463,-66.9114,6.95,93,20,1.03,CA,1723170951
418,alice springs,-23.7,133.8833,22.75,27,0,4.12,AU,1723171442
419,port augusta,-32.5,137.7667,17.48,57,93,4.33,AU,1723171443
420,mili,6.0815,171.735,28.22,70,22,3.16,MH,1723171444
421,massenya,11.4039,16.1705,22.8,95,100,2.02,TD,1723171445
422,urengoy,65.9667,78.3667,12.64,60,36,7.18,RU,1723171447
423,bomdila,27.25,92.4,12.76,90,100,1.07,IN,1723171448
424,arkalyk,50.2486,66.9114,22.71,63,93,6.63,KZ,1723171274
425,lodwar,3.1191,35.5973,25.26,59,9,6.31,KE,1723171450
426,show low,34.2542,-110.0298,21.16,60,0,5.14,US,1723171451
427,kilosa,-6.8333,36.9833,16.38,84,66,0.79,TZ,1723171452
428,tanabe,33.7333,135.3667,33.56,55,20,5.14,JP,1723171453
429,ortakoy,38.7373,34.0387,17.35,61,0,1.94,TR,1723171454
430,vanimo,-2.6741,141.3028,29.78,71,27,3.59,PG,1723171457
431,port douglas,-16.4833,145.4667,22.93,74,41,6.4,AU,1723171458
432,mitsamiouli,-11.3847,43.2844,23.93,70,6,1.86,KM,1723171459
433,luau,-10.7073,22.2247,16.09,26,78,2.17,AO,1723171460
434,colonia,50.9333,6.95,19.95,75,20,2.57,DE,1723171442
435,ban karon,7.8477,98.2985,29.32,91,10,3.17,TH,1723171462
436,parang,7.3704,124.2697,29.82,72,77,1.46,PH,1723171463
437,aykhal,66.0,111.5,10.84,83,99,5.29,RU,1723171464
438,kolasib,24.2333,92.7,22.49,93,99,0.04,IN,1723171465
439,tafresh,34.692,50.013,24.97,30,1,2.28,IR,1723171467
440,sittwe,20.15,92.9,27.06,83,100,4.09,MM,1723171469
441,robertsport,6.7533,-11.3686,24.47,83,100,5.36,LR,1723171470
442,alliance,40.9153,-81.1059,24.25,90,100,3.53,US,1723171471
443,kyle,29.9984,-97.8715,31.68,57,0,3.09,US,1723171089
444,sabang,5.8933,95.3214,28.19,73,100,1.43,ID,1723171473
445,dompu,-8.5356,118.4622,31.23,47,42,3.98,ID,1723171474
446,qashyr,53.0675,76.1036,17.2,86,100,3.96,KZ,1723171475
447,behshahr,36.6923,53.5526,25.54,84,25,1.68,IR,1723171477
448,luanda,-8.8368,13.2343,20.01,85,77,0.62,AO,1723171478
449,tekeli,44.83,78.8239,29.34,20,3,2.39,KZ,1723171479
450,gwadar,25.1216,62.3254,27.99,83,100,2.61,PK,1723171481
451,ingeniero jacobacci,-41.3427,-69.5448,2.66,61,63,3.36,AR,1723171482
452,farafangana,-22.8167,47.8333,20.91,87,87,3.71,MG,1723171483
453,arkhangel'sk,64.5401,40.5433,12.06,82,20,1.0,RU,1723171485
454,ashburton,-37.8626,145.0794,17.02,61,12,0.89,AU,1723171486
455,yinzhu,35.8786,119.9753,29.69,77,100,1.39,CN,1723171487
456,lasem,-6.6922,111.4527,29.92,59,0,3.26,ID,1723171488
457,ak'ordat,15.5486,37.8867,26.52,73,41,0.83,ER,1723171489
458,letterkenny,54.95,-7.7333,11.97,90,55,5.89,IE,1723171490
459,harstad,68.799,16.5293,17.56,77,94,15.2,NO,1723171491
460,pasuquin,18.3328,120.6177,30.97,79,20,5.66,PH,1723171492
461,chateau-d'olonne,46.5038,-1.741,18.14,85,72,3.23,FR,1723171493
462,carnot,4.9409,15.8665,20.87,88,100,0.96,CF,1723171495
463,valle de la pascua,9.2155,-66.0073,22.41,89,2,2.46,VE,1723171496
464,caleta de carquin,-11.0925,-77.6267,16.76,85,37,3.72,PE,1723171497
465,punta del este,-34.9667,-54.95,7.71,90,100,5.36,UY,1723171498
466,karratha,-20.7377,116.8463,27.01,26,14,5.67,AU,1723171499
467,beyneu,45.3167,55.2,26.16,57,0,4.95,KZ,1723171274
468,shillington,40.3079,-75.9655,22.25,98,100,4.47,US,1723171501
469,ngama,11.7833,17.1667,23.21,92,100,4.01,TD,1723171503
470,tomohon,1.3346,124.8392,25.51,61,100,2.15,ID,1723171504
471,myitkyina,25.3833,97.4,24.15,100,100,0.6,MM,1723171011
472,bosaso,11.2842,49.1816,33.1,42,46,8.55,SO,1723171506
473,remire-montjoly,4.9167,-52.2667,26.02,94,0,1.54,GF,1723171507
474,santana,-0.0583,-51.1817,28.1,83,40,3.6,BR,1723171508
475,biltine,14.5333,20.9167,22.82,90,100,2.49,TD,1723171509
476,toliara,-23.35,43.6667,19.1,83,0,2.06,MG,1723171511
477,haymana,39.4321,32.4973,19.64,47,0,1.84,TR,1723171512
478,saint-philippe,-21.3585,55.7679,20.43,75,49,4.48,RE,1723171513
479,mar del plata,-38.0023,-57.5575,8.94,84,100,5.14,AR,1723170943
480,ulladulla,-35.35,150.4667,17.14,47,30,3.73,AU,1723171515
481,milazzo,38.2212,15.2383,26.84,83,0,1.79,IT,1723171516
482,kailua-kona,19.6406,-155.9956,29.98,72,40,4.63,US,1723171517
483,la'ie,21.6477,-157.9253,27.28,78,6,1.79,US,1723171518
484,tevriz,57.509,72.4042,14.22,57,25,3.54,RU,1723171519
485,bahia blanca,-38.7196,-62.2724,2.81,74,0,3.1,AR,1723171521
486,novomykolayivka,47.9781,35.9102,18.28,57,76,2.3,UA,1723171522
487,pangkalanbuun,-2.6833,111.6167,30.69,61,45,2.52,ID,1723171523
488,nikol'sk,53.7189,46.0712,15.14,94,100,1.58,RU,1723171524
489,mount isa,-20.7333,139.5,27.87,24,0,4.63,AU,1723171525
490,okahao,-17.885,15.0667,14.56,32,2,2.56,NA,1723171526
491,matoury,4.8483,-52.3317,25.98,94,0,1.54,GF,1723171527
492,es castell,39.8795,4.2854,24.38,94,0,4.12,ES,1723171528
493,bahraigh,27.5833,81.6,29.07,77,93,6.08,IN,1723171530
494,maumere,-8.6199,122.2111,28.88,59,7,2.56,ID,1723171531
495,altai,46.3722,96.2583,18.87,32,6,3.65,MN,1723171532
496,kudahuvadhoo,2.6708,72.8944,27.97,69,42,2.96,MV,1723171533
497,lewistown,40.5992,-77.5714,22.67,94,100,0.0,US,1723171534
498,chagoda,59.164,35.3285,12.99,95,100,1.31,RU,1723171535
499,gilgit,35.9221,74.3087,27.25,49,0,2.18,PK,1723171536
500,quang ngai,15.1167,108.8,36.02,46,19,1.19,VN,1723171537
501,santa cruz,-17.8,-63.1667,14.7,63,75,7.2,BO,1723171539
502,inirida,3.8653,-67.9239,23.8,97,78,0.48,CO,1723171540
503,la paz,-16.5,-68.15,8.1,59,61,2.57,BO,1723171541
504,stepnoye,51.4,46.8667,17.15,81,44,2.48,RU,1723171542
505,saldanha,-33.0117,17.9442,12.8,75,43,8.88,ZA,1723171543
506,nabire,-3.3667,135.4833,29.96,68,83,1.93,ID,1723171544
507,bonnyville,54.2668,-110.735,14.63,47,9,1.96,CA,1723171545
508,gisborne,-38.6533,178.0042,12.04,76,99,2.37,NZ,1723171547
509,kumcati,37.4657,42.2836,31.58,23,0,3.01,TR,1723171548
510,qamdo,31.1667,97.2333,11.82,73,98,1.16,CN,1723171549
511,ocos,14.5094,-92.1933,27.58,80,99,3.65,GT,1723171550
512,sola,-13.8833,167.55,25.33,68,88,9.84,VU,1723171551
513,kattivakkam,13.2167,80.3167,28.95,87,83,3.91,IN,1723171552
514,middlebury (village),44.0153,-73.1673,17.06,92,100,0.0,US,1723171554
515,maxixe,-23.8597,35.3472,18.7,94,2,3.57,MZ,1723171555
516,aconibe,1.2968,10.9369,19.91,92,100,1.27,GQ,1723171556
517,fortuna,40.5982,-124.1573,14.4,94,100,3.6,US,1723171557
518,mbaiki,3.8678,17.9892,20.6,95,94,0.47,CF,1723171558
519,tolga,34.7222,5.3785,30.8,32,0,5.84,DZ,1723171559
520,vorkuta,67.5,64.0,12.18,64,7,1.88,RU,1723171560
521,limassol,34.675,33.0333,23.04,78,0,0.51,CY,1723171561
522,hami,42.8,93.45,24.93,42,35,2.42,CN,1723171563
523,kuqa,41.7278,82.9364,27.6,27,0,0.54,CN,1723171564
524,fedorovka,53.6314,62.7078,12.97,73,20,6.31,KZ,1723171274
525,rutana,-3.8667,30.1,15.31,50,35,1.16,BI,1723171566
526,soio,-6.1349,12.3689,20.92,86,72,2.89,AO,1723171568
527,horta,38.5333,-28.6333,22.79,88,7,1.79,PT,1723171569
528,axim,4.8699,-2.2405,23.08,88,97,3.41,GH,1723171570
529,selfoss,63.9331,-20.9971,9.95,91,100,0.62,IS,1723171572
530,gaspe,48.8334,-64.4819,12.12,87,75,0.0,CA,1723171573
531,tamanrasset,22.785,5.5228,26.95,14,0,3.09,DZ,1723171574
532,spring creek,40.7266,-115.5859,22.54,21,6,1.79,US,1723171575
533,rio de janeiro,-22.9028,-43.2075,23.0,88,0,3.6,BR,1723171091
534,kununurra,-15.7667,128.7333,29.99,20,11,6.69,AU,1723171577
535,kingaroy,-26.5333,151.8333,19.59,53,28,4.04,AU,1723171578
536,isabela,6.7085,121.9711,30.26,66,96,0.68,PH,1723171579
537,boldumsaz,42.1282,59.671,28.9,40,0,5.31,TM,1723171581
538,hilo,19.7297,-155.09,27.85,75,40,5.14,US,1723171582
539,chunskiy,56.0815,99.6342,19.14,81,90,1.41,RU,1723171583
540,byron bay,-28.65,153.6167,19.56,62,9,3.34,AU,1723171584
541,anqing,30.5092,117.0506,36.43,44,100,3.52,CN,1723171586
542,khorinsk,52.1657,109.7726,23.81,43,25,0.71,RU,1723171587
543,tarakan,3.3,117.6333,29.72,84,40,2.57,ID,1723171588
544,san patricio,28.017,-97.5169,29.59,68,0,4.27,US,1723171590
545,chegutu,-18.1302,30.1407,13.11,54,0,1.5,ZW,1723171592
546,vila velha,-20.3297,-40.2925,23.97,76,0,6.17,BR,1723171336
547,doka,13.5167,35.7667,21.88,92,61,2.7,SD,1723171595
548,la sarre,48.8002,-79.1996,18.46,66,65,4.61,CA,1723171596
549,kutum,14.2,24.6667,19.75,89,100,5.61,SD,1723171597
550,brokopondo,4.75,-55.1667,25.92,85,79,2.93,SR,1723171599
551,mangrol,21.1167,70.1167,27.91,83,100,6.45,IN,1723171600
552,oum hadjer,13.2954,19.6966,22.42,94,100,3.23,TD,1723171602
553,tual,-5.6667,132.75,25.13,83,88,8.94,ID,1723171603
554,kinablangan,7.6947,126.5503,28.92,68,75,2.84,PH,1723171605
555,yaren,-0.5472,166.916,28.41,69,100,2.6,NR,1723171606
556,inarajan village,13.2736,144.7484,31.0,80,98,1.87,GU,1723171607
557,yanykurgan,43.915,67.2481,35.07,16,53,5.52,KZ,1723171608
558,tofol,5.3248,163.0078,28.82,72,26,3.43,FM,1723171610
559,batie,9.8833,-2.9167,22.17,92,96,2.49,BF,1723171611
560,paran'ga,56.7039,49.4047,14.93,88,86,3.53,RU,1723171612
561,barcelos,41.5388,-8.6151,17.18,90,0,0.95,PT,1723171538
562,urucara,-2.5364,-57.76,24.73,53,5,1.09,BR,1723171615
563,peace river,56.2501,-117.286,24.17,46,0,2.57,CA,1723171616
564,borogontsy,62.6683,131.1683,24.14,37,24,1.15,RU,1723171617
565,madalena,41.2162,-8.3345,20.26,93,0,0.97,PT,1723171619
566,tera,14.0078,0.7531,27.56,71,94,5.41,NE,1723171620
567,greenville,35.6127,-77.3663,27.3,95,75,6.69,US,1723171417
